{ 
  "type": "sam", 
  "comm_option": { 
	"#sam_type":"0:var 1:fixed", 
	"sam_type": 0, 
	"no_col": 2, 
	"sid": "API", 
	"delimiter": "||", 
	"trim": 3, 
	"skip_header": 1, 
	"record_len": 0, 
	"#input_filter": "[.]sam$", 
	"input_dir": ".", 
	"input_ext": "sam", 
	"output_dir": ".", 
	"output_ext": "enc", 
	"dir_monitoring_yn": false, 
	"dir_monitoring_term": 1 
	"#log_file":"sam_debug.log" 
  }, 
  "col_var": [ 
	{ 
	  "item": "AES256CBC", 
	  "column_pos": 1, 
	  "wrap_char": 0x22 
	}, 
	{ 
	  "item": "AES256CBC", 
	  "column_pos": 2 
	} 
  ]
} 

