{ 
  "type": "sam", 
  "comm_option": { 
	"#sam_type":"0:var 1:fixed", 
	"sam_type": 0, 
	"no_col": 2, 
	"sid": "API", 
	"delimiter": "||", 
	"trim": 0, 
	"skip_header": 0, 
	"record_len": 0, 
	"#input_filter": "[.]sam$", 
	"input_dir": ".", 
	"input_ext": "sam", 
	"output_dir": ".", 
	"output_ext": "enc", 
	"dir_monitoring_yn": true, 
	"dir_monitoring_term": 1 
	"#log_file":"sam_debug.log" 
  }, 
  "col_var": [ 
	{ 
	  "item": "AES256CBC", 
	  "column_pos": 3, 
	}, 
	{ 
	  "item": "AES256CBC", 
	  "column_pos": 4 
	} 
  ], 
  "#col_fix": [ 
	{ 
	  "item": "AES256", 
	  "start_pos": 9, 
	  "size": 10, 
	  "col_size": 30 
	}, 
	{ 
	  "item": "AES256", 
	  "start_pos": 40, 
	  "size": 2, 
	  "col_size": 15 
	} 
  ] 
} 

