{
  "type":"tail",
  "comm_option": {
	"input_dir": ".",
	"input_ext": "log",
	"output_dir": ".",
	"output_ext": "enc",
	"sid": "API",
	"#tail_type":"1:LINE, 2:PATTERN",
	"tail_type": 2,
	"interval": 1,
	"no_inform": 2,
	"#input_filter": "log_([1-2][0-9]{3}_[0-1][0-9]_[0-3][0-9]).log$",
	"#input_filter_ex": "log_2016_09_27.log"
  },
  "enc_inform": [
	{
	  "item": "AES256CBC",
	  "#pattern":"([0-9]{2}(0[1-9]|1[0-2])(0[1-9]|[1,2][0-9]|3[0,1]))-[1-4][0-9]{6}",
	  "#pattern": "[=:'\"][0-9]{13},",
	  "pattern":"cubeone[:]([0-9]{2}(0[1-9]|1[0-2])(0[1-9]|[1,2][0-9]|3[0,1]))-[1-4][0-9]{6}[,]eglobalsys",
	  "delimiter": "$$",
	  "sub_left_len":8,
          "sub_right_len":11
	},
	{
	  "item": "AES256CBC",
	  "pattern":"([0-9]{2}(0[1-9]|1[0-2])(0[1-9]|[1,2][0-9]|3[0,1]))[1-4][0-9]{6}",
	  "delimiter": "@enc2@"
	}
  ]
}

