{ 
  "type": "file",
  "comm_option": { 
	"sid": "API", 
	"item": "AES256CBC", 
	"#encode_type": "0: binary, 1: ASCII", 
	"encode_type": "0", 
	"log_console_yn": true, 
	"header_file_save_yn": false, 
	"file_reserver_yn": true, 
	"dir_monitoring_yn": false, 
	"dir_monitoring_term": 1 
  }, 
  "enc_option": { 
	"#input_filter": "[.]txt$", 
	"#output_suffix_head": "head_", 
	"#output_suffix_tail": "_tail", 
	"input_dir": ".", 
	"output_dir": ".", 
	"input_extension": "txt", 
	"output_extension": "coenc" 
  }, 
  "dec_option": { 
	"#input_filter": "[.]coenc$", 
	"#output_suffix_head": "head_", 
	"#output_suffix_tail": "_tail", 
	"input_dir": ".", 
	"output_dir": ".", 
	"input_extension": "coenc", 
	"output_extension": "codec" 
  } 
}

